fileId,Lang
001bee54,2
00293990,4
00a2049b,1
00b1dc48,4
00c05eaa,5
0138c7b0,3
013d7a40,5
016996d7,6
019986a7,6
01a8c84f,3
01ddceb9,2
020325e6,6
021e4931,6
029948d1,1
02ee7959,1
03299482,3
032addf5,2
03a30a00,6
03e4f0db,5
042b9211,6
04a99990,4
05e62de5,5
06501b4d,6
0663a3c5,6
06a2f82f,2
06aa0f5f,5
06f649ad,2
073304e0,3
0763c27f,4
0767402b,5
07ca9251,2
081b9a69,6
0828c40c,6
082dd676,3
08389095,5
08cfd54f,6
08fcc2bb,3
090cd776,6
097ab561,6
09988c03,5
0a30e15a,2
0a7e2e0f,1
0a8af35f,2
0b49af9a,5
0b56f57c,4
0b941206,6
0bda545d,1
0bdab8a4,4
0c53b9ea,1
0c68b839,3
0c96a067,3
0cc24336,6
0cebf23c,1
0d4d2465,4
0d985f30,3
0dda934e,1
0e4d1519,1
0f0a3978,3
0f41f15a,1
0f48e218,5
0fea02ab,1
0ff875ae,3
0ff95c4f,2
1101666f,4
1188a9f9,3
11c2de12,6
121bc1a6,3
124ffb14,4
12795c15,2
127b1a1e,1
129c50be,4
12bad897,4
12d87060,2
12e1b4e1,1
13067c5f,3
1314cafa,4
131f0636,1
13f9b9c1,3
13fc2362,5
140119e9,2
144fe3c7,2
1465b88e,3
14ab2440,2
14c260c5,6
1566f562,2
156b8fa5,4
15f4322b,5
16523e4e,2
165e929f,1
1676311e,5
16d93a50,1
17113a64,3
17510cbe,6
17db5cf2,1
17dec9f5,2
1818982a,4
18eacac2,1
1977b986,5
19f26575,5
19fae2e9,1
1a59573e,5
1ab2eafd,6
1ad237e1,5
1af05453,2
1b20b603,1
1be99a4b,5
1c10ac1c,6
1c29e4e6,4
1c457ddd,1
1ca41e91,5
1d1b78e0,1
1e46fd5b,6
1f01e0a5,5
1f8f039e,3
2046c827,3
2114c427,3
2116e011,2
2178d860,4
2198b60f,1
21b478dd,1
21e013e7,6
22126ac5,1
224c9fb5,3
22529509,6
225ca7bb,4
22f72cda,2
2361e20b,3
23baa93c,1
23f6fc8f,5
2416c1b8,2
24802796,1
24b942cb,6
250caf50,2
2560a058,6
256ff30d,4
26134a86,6
266668c8,3
26ef85d2,2
26f8eb5f,3
271d31fb,1
2743643a,5
2751a7eb,1
27908ff5,1
27ebd1ab,2
281bba71,4
2831cd39,3
283dfcd1,6
28cfb4fc,1
28df7e8e,4
28f55ee4,4
28f77a8d,2
2906cf9f,2
2917608e,4
29565406,3
29ada446,2
29ef451c,1
29f7b054,4
2a7a6c10,6
2a970b93,4
2abe848e,2
2addbcd4,2
2b3289df,6
2b5c67e7,4
2b7d8087,3
2bbacb05,6
2c1394ea,5
2cdc429f,1
2d51ef33,6
2d5e5d75,2
2e3e2166,1
2eb1d658,4
2ee1499e,1
304152d8,6
3050bac7,5
30560c09,1
30600380,1
30a14fe0,1
30fb8f87,5
3156bd6f,6
317a36a6,6
319c1403,6
31f3bc18,4
32e97923,2
334e0daf,3
3353b955,2
3408d7a5,4
342ab746,5
3458f7de,4
3472d54a,5
34884151,1
349a21a6,2
34f78e2b,1
35059a18,1
35bfc6e6,2
3661653a,5
368bdb58,2
36feef8e,5
37364ce7,5
37e86ddb,5
3865fa4e,1
386b9438,1
387541ff,1
388aefa3,6
388af3a1,1
38b782aa,1
38ba2c08,4
38c183eb,1
38c42eb5,6
3976261d,2
3a18baef,2
3a1c2236,5
3aabc6e4,4
3b166409,1
3b19461c,6
3b4949cc,2
3b5a943b,5
3b965fc9,2
3b9db2c4,6
3c42b734,2
3ca0184a,2
3ccd1313,4
3dc6d7a6,1
3dca7a71,1
3dddaa0e,2
3e2636ab,5
3e271901,1
3e7b7e21,2
3ea5aec2,5
3eae6fa0,3
3ec10269,5
3f4805ac,6
3f83ccb3,2
3f84d3f8,1
3fac7543,6
3feced56,3
407a5547,6
40bc3dc5,4
40e4c8c2,3
416ea27d,5
4171230f,3
41b472ec,3
4211ef62,5
42662552,4
42b4a75a,6
42da2082,5
42fefaca,5
43aa675a,4
43ada58d,6
43c7cc97,6
44309a83,2
44314a1c,4
443c1b15,4
44572440,2
447091ba,6
4484ef3f,5
44ad3d52,6
44d705ea,1
450827f2,5
45c4f3ba,1
460785d6,1
4652e38b,5
46a0ec26,3
46d3eef2,6
46fd6467,3
4764d732,1
4781f4e1,3
47af7d9b,5
4886bcd8,5
48976d0a,6
489d6a51,4
48e19e9d,4
48f6c731,4
49464fc1,5
49e4ee68,1
4a87749f,5
4adbbbce,3
4b4f1bf5,2
4b616d4a,4
4b62ce0e,2
4b672715,3
4b7411bf,5
4c33c90b,5
4c91d7af,6
4d64a13c,2
4d65a08c,5
4d9d310f,1
4dd62e5f,6
4ddd4dad,6
4e2278a3,3
4e7053a1,4
4e80f97c,3
4e83c27f,2
4efb07ec,5
4fdbb676,2
50980dd1,3
50a0de01,3
50d48e7b,5
5114d44e,3
517b03f5,1
51cc6546,6
51df1ee0,4
527317de,4
52b2d1f1,1
52bca94d,2
5343c06b,1
5397d522,6
53c475af,6
5415d80d,2
541af218,2
544c9f07,6
555f769b,1
55785144,4
55e4a141,6
55fb7f48,6
565d05c2,2
56885fb4,1
56a0d515,1
56af5943,3
56e98ff7,5
56fb5e4a,2
5731fc6d,3
5778675f,3
57de7b44,4
5801e556,2
580adf9b,6
5818ab7b,3
58205b3f,1
5846b620,2
5857f29d,3
587cf070,6
589f8889,4
58ae385f,1
58e22a05,3
58e52b42,3
58f11026,4
5930e552,1
5950d694,1
59ae72da,3
5a90c2d0,4
5a988a55,1
5b006e05,4
5b135cb5,5
5b3fe714,4
5b4e1fe4,4
5b542624,5
5b9d16cb,2
5c58e075,2
5cb88892,4
5d7d37f6,3
5d9248d7,5
5da26ea4,2
5dc8f7ff,3
5dca8600,4
5dd93935,4
5e44cf78,1
5e5f9073,4
5e7fff38,4
5efbc935,2
5efd1197,6
5f1b1a8a,3
5f236ab7,1
5f4d543b,2
5f863afb,2
5fb8291a,1
5fdf7d81,5
603406ec,1
60533a61,5
61785928,4
61873b36,1
619a8034,4
61a42676,3
61cf3583,1
6213742c,4
62412369,3
62715519,6
62780e09,4
627dcfcd,3
6353c4de,6
63613452,4
63ad2bd5,3
63d52867,5
63e36d10,5
63e594c9,2
63f391ba,4
647ee9a6,6
6489e931,1
64ab2ef0,4
64dd018d,6
64de11c6,3
651abbdf,6
65246f6a,4
659986ef,4
65a9e4d0,4
65ada358,1
65b85d3d,6
66143837,4
6619b73d,3
6680d584,6
66837c2c,1
677a926c,3
679d9286,4
68551608,5
6893abb5,4
68fac301,4
68fdcf03,4
69984230,4
69bee4fe,3
6a5171d0,3
6a65faf9,2
6a91dc55,3
6aeae215,2
6af33c38,4
6b88f35a,5
6c00c135,1
6c5c43e4,1
6cffdcb9,3
6d6fa609,2
6dc68393,6
6dfd4667,1
6e25a811,6
6eb7f8e9,2
6f51680a,5
6f5c63b8,3
6f61272e,3
6f859dce,6
7049f25e,3
705ca7c4,5
70ebfa1c,4
71762c51,4
71a95f13,6
71e0ce25,4
72f91105,6
7306680f,2
73339a1a,6
735b3073,2
73b1285c,2
73dd0495,3
7478b44a,4
75839b86,5
75860641,2
75910200,2
762fbf07,3
7647384b,5
76c966d1,5
77114ead,1
776fb24b,6
7788c563,4
77b3815f,4
77b52edd,3
7813c091,5
783dd8d2,2
78b104d5,3
79ab4b01,1
79ca2f57,4
7a6e4840,3
7a6f5c7f,1
7a7b0c43,5
7a7b2673,5
7ad53807,3
7afec1c1,2
7b03b0a7,6
7b9894f6,4
7c2f4f67,6
7cb3b5ad,6
7cbd5a90,5
7d1e5224,4
7d2f1ff4,4
7d3a6911,4
7e5b3527,3
7eb7408d,4
7ed18891,4
7ed6a5a0,2
7f04f480,3
7f0daf9f,5
7f1fddfb,2
7f6f17d7,4
7f7a787d,6
7f82abaa,4
7f9b17e0,3
80b72e01,2
817a85ad,6
81a2eee9,4
81b0bfc0,1
820cb82b,3
82173044,5
821e1a32,1
8258106f,5
834bb33e,6
83b0f7c5,2
83c827f8,5
840d34b2,2
841357cd,2
8456729a,1
846dcd49,2
8554254b,4
857a0438,2
85892466,3
85bd20bd,5
85f81e29,6
8634343e,4
86574e4c,1
86d4153f,2
86fc0777,5
870922bf,4
871b0985,5
8866e622,4
88935240,6
88be9e99,4
88cb0716,5
88ff0db1,5
8927cc87,6
8979cfec,2
89ed6dd8,2
8a1f16cf,1
8a6029d9,3
8ab38780,5
8af90242,2
8b2d9c4a,6
8bb761b9,1
8bbf0225,1
8bd1c12f,2
8bda0daf,4
8c7ead95,3
8cf3d9ef,1
8d09faf3,1
8d6302f0,1
8dcfb0cc,5
8e7f82d5,5
8e810e73,5
8f2bcb84,4
8f4994ac,1
8fba9498,3
8fc2d564,6
8fdf5c81,6
90735eb0,2
90bcf10c,6
9195fc9a,5
91bae14f,3
9236e3a3,5
928c4415,5
92b19894,5
935a9390,4
9434f9dd,3
94e0d487,2
95186b83,6
9648d66b,1
96b5edf2,2
96c0c34a,6
9704b257,1
97820fe1,2
97be320f,6
9874f77d,5
98b62a14,6
99546278,6
99e4fd81,3
99f80a7b,1
9a0d4bfa,5
9a0f7757,6
9a6b91b4,2
9a6efce8,1
9b014932,3
9b28f3a9,2
9b5a9277,3
9b8a3f15,1
9bc7927d,6
9cad62f8,3
9d5b505d,3
9de016a3,1
9e0431f6,2
9e7b281c,2
9e95faaf,5
9ed1e27b,1
9f895295,1
9fa43ec9,6
9fd5b01b,5
a032620c,4
a04a6155,6
a0858338,3
a0a3282d,6
a1277568,3
a178ce5e,3
a1f9cc5e,2
a2bcf499,4
a33749e4,3
a39f485a,5
a3aa3f4d,2
a3c95751,2
a4c5f98a,5
a4ca9019,2
a50c9e5d,4
a51f53cd,5
a527f4fb,3
a55500b9,4
a5cb59e9,2
a5e15c06,3
a5e175de,6
a6e4f496,6
a777f344,4
a7de9bb3,6
a82c4941,6
a8603248,2
a9fb8117,6
aa2ad091,3
aa94b312,3
aafa15e8,1
ab1a9f55,5
ab48c804,2
aba1cb72,3
aba596df,1
abb1c0ec,6
abb9b560,5
ac1912bb,1
ac8ef48e,3
acda6929,2
ad170791,3
ad4376c9,4
adcbebae,5
addd2a2d,6
ae489a76,5
ae6f5420,2
aed1fb51,5
af2d1c36,2
afb00efe,5
afb834d4,6
afe6ba19,6
aff89004,2
affb7b01,3
b0316cc7,3
b0344e84,1
b05f3231,3
b05f7afc,5
b06db9b8,2
b07a87ae,1
b087865f,4
b0cf7ec0,3
b0e84aab,2
b1016b1e,2
b175cd14,1
b185a50c,4
b279d0b8,1
b303d693,3
b32db73c,3
b34a65bf,5
b37f9fd2,2
b393afc8,4
b3bd3de1,5
b432b247,4
b43a05e8,2
b4886102,4
b49ac61b,3
b4a50067,4
b4d5f3e9,5
b4e1f596,3
b5cda3c7,6
b6e8e22d,3
b724d6da,1
b7708c36,5
b7c4ae30,4
b894ed06,5
b91ba9f7,2
b932b656,3
b957b4f6,4
b978d389,5
b99416b0,5
b9bcc1b6,5
ba6fe18a,6
bab0283c,3
bac646b1,1
bacde219,3
bb6d039a,4
bbfc0e73,1
bc194f76,1
bc6f2e7a,6
bc73e76c,4
bcecff89,6
bcf1782c,6
bd622aa6,6
bdf3d6a4,5
bf4cf9d3,4
bff98df6,5
bffe4997,1
c12424a8,5
c14767d0,2
c1743831,1
c1a3caff,5
c1ac992a,5
c236f885,2
c23afdcb,5
c2435aed,6
c254fa4c,6
c27e782e,1
c2d420fb,3
c2db93e1,6
c2eb012c,2
c35a8630,1
c37d32d4,5
c3e5d1a3,5
c402cfa1,3
c421b129,3
c4287431,2
c44d1597,2
c4a3c045,5
c4f7aa7c,4
c56da695,5
c59bd696,2
c64e493d,6
c6976104,3
c7102b37,6
c77377da,5
c8553d19,2
c8691078,1
c8f0aa51,1
c950094a,5
ca7a9934,4
caba4991,5
cacb0ef4,3
caef3b83,4
caf7e252,6
cb1ed318,3
cb3288c1,4
cb7060ba,1
cb70e23e,5
cb77c155,5
cbbeac14,5
cc4ceefa,4
cc6d331d,6
cc71ae34,3
cd0cbccd,1
cd4482eb,6
cdf5050c,2
ce47a86c,1
ce6c0320,1
ceb068d9,2
cebe9e08,4
cf6846bb,5
cfbb0ba0,1
cfe0a461,4
d041a2c5,3
d0633761,6
d0b95b0d,4
d0c6a9ac,5
d0e81ed4,4
d13a8c88,6
d14f3838,3
d155b983,5
d1583082,3
d16bd47c,2
d258a47b,4
d27a5103,2
d2b16196,5
d2eb1402,2
d2fd3f32,4
d31a48c9,2
d38d39ac,6
d3d0097f,1
d3f05c77,5
d429b096,6
d4a3c9e4,4
d4bf5a16,6
d4d3f93c,3
d50c2293,2
d5453b35,5
d5505213,1
d55e70cb,4
d5ebdc59,6
d64cf0e4,2
d662341c,4
d6f4a3e9,1
d6f66940,2
d7018fae,4
d728ae44,6
d745d87e,3
d77841e6,2
d7a035b6,3
d7dfcaf7,5
d88ecec8,1
d8a242d0,4
d8eea93e,3
d975586e,1
d9895d86,5
d9bccaa9,6
da5210ad,6
dae68933,5
db7702e7,3
dbaae865,4
dbafe052,3
dbdc2322,1
dc13baa0,4
dc978fe0,1
dce208ae,5
dcff1f56,5
dd608fc8,3
dd739bdb,3
dd8226c4,6
dd883619,4
ddc2effc,5
ddefca0c,2
de5d5734,3
de684b0a,4
de908d1e,6
dec72f44,1
df125b76,1
df227763,4
df44e62e,6
df77eae3,5
df925943,4
dfb0d4b0,2
e0be5351,5
e1a31648,5
e2097dba,1
e20a3d15,3
e26a5a02,1
e2816918,3
e287afae,2
e2a4ca57,6
e2b4f30f,6
e3138fd6,3
e31b4466,3
e3967ea5,4
e3c6ef1f,2
e3f4f265,5
e40ef31e,6
e43dd897,3
e440b445,3
e478d2ef,3
e47e3333,2
e50c2f4c,2
e56d993b,5
e6298ce9,5
e640ea80,3
e6868d8c,5
e6dd7df3,1
e6f627db,5
e7b940f7,2
e7fb946d,6
e7fe38d1,6
e846d68d,1
e853d9c1,2
e8ad5c73,5
e9172a6a,1
e926200b,3
e9e117ef,6
eaf0200d,4
eb3d72c1,3
eb48635c,3
eb9f5e9f,3
ebbb2d94,6
ebbe800b,6
ebbf1737,3
ec879890,6
edbe99cf,2
ee166624,1
eeef0f17,2
ef292838,5
ef31dc78,5
ef536cca,4
efa7b541,1
f00fd74c,2
f03273ef,6
f05ac5c6,6
f08036c5,4
f0a07e2e,1
f0a87d00,2
f102e434,1
f1202b62,1
f1514104,4
f16c14af,2
f1ba722d,2
f1d910c3,4
f1e5dd5c,5
f22c6dab,4
f2b371e0,4
f2ec460c,1
f2fabaee,5
f3d07add,5
f42b90d9,4
f42f6cb7,2
f452a9d8,3
f49bbe43,5
f4bb779b,1
f4e891ce,2
f663a241,2
f68314ff,5
f6b9976e,6
f72d3105,4
f754b3de,5
f759cd79,3
f7c3997b,2
f8140a2c,1
f8149b37,4
f8266edc,6
f82c1b6d,6
f8c681c1,5
f8e14e9e,1
f91793a8,5
f93926e0,1
f9d3c92b,3
fa4b3e14,1
fa55cd25,6
fac730dd,1
fb1913f8,6
fb2eab2b,5
fb70b447,3
fbc13764,1
fbc80ea0,1
fc4c6670,4
fc4d7744,5
fda55817,3
fdb7c1d6,5
fe17a292,6
fead1902,6
fedbc7d6,4
ff194ba3,4
ff48d34d,3
ff6fe95f,6
ff9bc592,1
ffc68309,6
003069ff,4
003925df,6
007a1dbe,1
00c34365,1
00dd5d98,5
01f06049,3
0212bcec,6
02cc322b,5
02d09e98,5
02d5aece,6
02e23ac4,3
033f2389,1
03545853,1
0386740d,2
03a8ee86,5
044122e2,5
04442b5d,6
04b0660c,1
04d827f2,6
04fa7961,4
0508f264,4
050eee42,6
05352dcd,3
05db3951,6
06078c80,1
0635a0d2,4
06834d40,4
06965313,1
06b2286c,5
06e77c1c,3
06fb1f0b,4
077416e6,5
079b2194,4
07ad00ce,6
0807e4b7,3
084101af,1
08be802c,2
08d5e7d2,6
08d93882,6
09922b21,5
09c77187,1
09ee65b8,3
0a4e1c3d,3
0aa04515,3
0adff050,3
0aeafd6e,3
0b62d85b,5
0bedc761,3
0bfd898b,5
0bfe9c2c,5
0c0fe0e4,1
0c5a1314,6
0cb58beb,5
0ce03357,4
0cf2b7e2,4
0e0daedc,5
0e1c55fa,5
0eab7fd5,6
0eb54c47,5
0ed5bb30,5
0f127478,6
0fa27f2f,5
0fb0008e,3
0fb6bd55,3
115712ea,4
11676078,5
11696e57,5
11d5a143,1
12f005d1,5
13114054,4
134d0051,2
13572800,6
13970bd8,1
13a1399f,5
13a244df,1
140c37fe,5
144bb473,4
14916c83,5
1528f51b,3
1531be89,4
156702b9,6
15baa874,6
15c1b652,3
15c47aa0,6
1601121e,3
160a8f96,1
16530f11,4
166509f4,5
168d008a,2
1693cde7,1
16ee3a45,5
16f6e196,5
16f95e69,6
17c7f00b,5
194f1939,3
19a5e596,1
19b11ec9,3
1a47dc20,6
1a67c5fe,4
1a6f0d07,3
1ac695b0,5
1b0c5c27,1
1b763a70,6
1b7674c9,3
1bd693c9,1
1bfbce53,3
1cf02bf0,5
1d09911c,5
1dbb92f8,5
1dbcc757,6
1e43dd52,6
1e45ef06,6
1ecee7a0,6
1f561abc,3
1f7d0d54,5
1fe26f1a,5
1fe29bff,1
1fe865b1,5
1feb9517,6
20149299,5
207c343d,6
2183692a,5
21b77a05,5
21ca0a33,5
21dd69c3,3
22603f94,2
2268509e,4
22d81607,5
231e6019,5
23411472,4
234728f5,5
235a73c6,1
23e56883,1
23fb9685,5
243b1443,6
247d6bef,5
24a2475f,6
24ada6d4,1
2506b0d2,1
252e1784,5
255651f8,3
25b994ea,3
25bb8b1d,5
25e4c363,5
25f45c22,6
267a429a,5
268737bf,5
270efefa,6
2724373b,4
272e0fe4,3
272fcc81,6
27a0cb8a,4
27e0ce43,4
28aa6854,4
28ee2381,5
28f7b53f,1
2906e826,5
294dc1f7,5
299a9d69,1
29a4176a,5
29d0e9ac,1
29da77ad,6
29fcdb95,5
2a3cb7ca,5
2a43ea35,3
2a8f4789,5
2b0099c6,5
2b13f2ce,6
2b1fef31,5
2b252d09,3
2b5ca8ba,5
2b602ef8,5
2b949aa8,6
2bb68ab2,5
2bb95532,5
2bdc6c7f,4
2beea3d6,1
2c27d614,6
2c4f7071,4
2c6a8bb9,5
2caa8227,6
2d0c9bb8,5
2d11f7d8,5
2d2f11ba,3
2d529d3d,4
2d76ec13,6
2da9b933,1
2e2e92b1,6
2e48020a,5
2e541288,4
2e716524,1
2e872c30,4
2f40cfb9,6
2f75a323,6
2fd34a4b,2
2fdd7177,1
302b24eb,5
3041f4fa,6
304cd3d6,4
308b1d8a,5
30ea50c2,5
315a5b96,3
320d2ef0,5
3249ad4e,6
32b8b009,6
32ecb606,3
33be0318,5
33ce94c9,1
347a9ecf,5
34871606,3
34a3bc29,1
34be6ccb,5
34cc1d20,5
34fa118d,2
35030ab4,5
35596610,6
35ee25bf,6
3612c5f0,3
365da891,5
36c8a845,6
36d752bf,1
370856f4,6
370ed4a6,3
376b6f32,1
37ce70f1,2
37db7217,1
38d93b85,3
38e525b2,6
395b5233,6
39e42434,6
3a1051c4,5
3a2b3747,5
3a9e248d,6
3ab22449,1
3ac0f899,3
3af92e8d,1
3affa73c,6
3b3856c3,1
3b5b21ee,4
3b68c2f9,1
3bf3e4e5,5
3bf95a29,6
3c2129e5,6
3c9b08ab,5
3cc8836a,5
3ce763da,2
3d30dbf1,1
3d322202,3
3d729a14,3
3d86e251,5
3e20ac36,4
3e6a41a8,6
3ea66fa1,5
3f1b8c85,5
3f852c77,1
3fcab8f1,5
406440a7,1
4069fc8e,6
40bbf14d,5
40cbb22f,3
41b6f18f,6
42163a41,6
427c2c2a,4
447892d6,1
44826b32,5
449b4347,3
44f4147c,2
451fbdf9,1
4538ee15,5
45841f8d,5
45cc9e32,3
461941ed,1
4634229f,6
46a17d7d,4
46e01773,5
4736c1b7,4
4777e355,1
47af626f,5
47c3951e,4
47e58788,1
48009288,1
48763f67,4
4898b837,5
48a9ed62,2
48c1935e,6
48fdb3ba,1
49a05150,1
49b8ad24,4
49b9a859,1
49ca88a7,6
4a03121b,2
4a0c6e44,5
4a52b6c9,6
4a7c7ce9,6
4a8d345d,5
4ad14fc7,5
4af58f8c,4
4b31f1e9,4
4bd1c820,5
4c44152f,6
4c830a39,1
4c8d967e,6
4cd7eec2,1
4cddcfff,1
4d1c712c,5
4d3cf28f,6
4d60873f,5
4df4b0bb,1
4e4e4127,1
4e8005cb,5
4f223939,5
4f33db9b,1
4f8a5501,4
4fe7fea4,6
4fffb81d,5
50418a37,5
50620d5a,3
50972f7b,4
50b7beb6,1
50dcc4ab,5
50e294df,6
50ed7d6d,1
5110edd0,3
512222ae,5
512bd57e,1
5168f259,5
516eed68,1
517853b5,6
51947c5c,4
525f6aad,6
526d33e0,4
5382ff94,4
53f03147,5
542fe458,5
543f1841,5
54d9a859,5
54e6454d,3
5539c93c,5
558e1764,1
55a3358f,5
567083ec,5
5696c43f,2
56fcf2f4,3
57af1392,5
57c7b47a,4
57ede9d5,5
57f2f3b7,1
583b4a19,5
585312bd,1
589a9240,1
58fb4400,6
5900c2a6,3
5924157f,5
59354b7b,5
597a1b24,2
59e6a223,1
5a457147,1
5a610ea2,5
5a64bb49,6
5af5b503,5
5b015d3c,6
5b5cdf15,6
5b656f51,1
5b792455,5
5c7e9470,6
5cb97e3e,6
5cba83d8,3
5d5aa5b8,5
5e90801f,6
5e952982,2
5e957433,5
5ecfe102,1
5f2f98ec,5
61216861,5
6311ef3b,6
64192261,6
64291974,1
64a2fa16,6
64d76661,1
64d9b192,1
64fa6ee2,2
64fd73f7,5
65d2625a,4
65e9ce75,6
66173c53,5
6671c0c1,6
66dd35ed,5
67673770,6
67ecc6fe,5
67ff069a,6
688bc61c,6
68a9dad8,5
68daccb1,5
6944289f,3
6986ffd6,1
69b09483,1
69ba0b0f,4
6a460f1b,3
6a7e478a,1
6a97eadc,1
6afe8151,4
6b4d156b,6
6b70e716,4
6b7238eb,2
6bf9187a,4
6c38fb19,6
6c41806a,1
6c9ee169,5
6caa1d6d,3
6d212717,5
6d7417c1,1
6d7cf861,1
6da20a35,6
6e300f04,1
6e9089a6,1
6ebf647b,6
6efa2b54,4
6f52081e,5
6f87f260,6
6f9ec03f,6
6faaf026,5
6ff82e50,4
700198ee,2
701bf943,5
70604317,1
7080bb98,5
70892021,6
70e6e0a9,6
711b1dd9,4
713e7571,5
719d6433,3
71aded7f,5
71c223eb,5
72099d13,6
72c2ff64,4
72dff33b,5
73077edd,6
7426e94c,5
74416278,4
74701d57,1
7497ebe2,5
750f7853,5
75471821,6
754b3a63,4
7554e0b5,1
75cc8866,1
75da3a8f,1
764b1253,3
767ff0dd,4
768bbf5d,6
76b08573,1
7728db8c,1
77334e2f,5
7779d822,4
77aac6d8,4
77b1cb87,5
77cc07e6,2
784221a8,5
78516115,5
78aa466f,5
78bc1c82,1
78d2b36e,4
79e270e0,5
7a68d122,1
7ab2d636,4
7ae6fc29,1
7b732769,5
7b7dbbfb,3
7bfc0297,3
7c297acd,1
7c357f03,5
7c3fe48c,5
7c50340a,6
7cf48849,3
7d7154cf,4
7dcf3560,1
7e0a2e6a,5
7e671d7c,1
7f00a0c9,5
7fafb470,4
7fb450e7,5
803784a1,1
808e8de4,6
809107f5,6
80ab1269,5
8106826d,5
810a8292,5
816873b7,3
817ad508,5
819df91b,4
81a76fde,3
81b3f1f6,6
81b95cc9,3
820547e2,3
821809c8,5
8219ac08,4
821a8f3e,3
82d7d4c0,2
83137e06,4
833c1cd1,3
83e15fb1,3
843f5464,3
8499d931,4
84c483e0,2
859bc4f4,4
859c9cd6,5
85c1498e,4
86c95c02,2
86ce35d0,1
86ea9bbb,6
870d70de,5
8748a554,5
87c04acc,5
87e5629a,4
881d9438,4
883469da,1
887695df,3
88b61e62,5
88fff7b0,5
89087921,5
89ed6275,1
8a2377a8,6
8a29027a,1
8ab6baee,1
8b5efc96,6
8b80f9b7,3
8cc1e640,2
8ceefe77,5
8d58dabe,5
8d5e6095,1
8e0a67ce,3
8e3d81e3,4
8e55f572,6
8e9b73d9,5
8ebf6d52,5
8ede0dd1,1
8f18f929,6
8f46bf50,3
8f825711,3
8f93acf5,5
8fd0f397,3
90c7abae,5
91291c8e,4
918d7d8d,5
91d573e8,6
91fe19b5,5
9200c77a,1
921d49e4,2
9249e002,1
92bf4809,6
93343f89,4
937a4f16,5
938c940e,6
93a8ebd0,5
93d03faf,1
94f81e14,6
95275a03,6
95635000,5
95bb909b,4
95db1189,1
95e90839,5
95ebd5cb,5
96c274f2,1
96ebe575,5
973e37d6,6
977fa98a,3
97a005e5,6
97a03b8e,6
97e0184d,6
97fcb386,5
984d66c9,3
986dd444,5
988a9b6a,5
98a9b0b8,1
98d6d76d,3
98e617e3,5
9958162b,5
99709bf4,6
99739272,1
99c93310,1
99e09d46,2
9a03e6f2,1
9a17e8d8,6
9a2761b0,1
9a828463,1
9ac3b8f9,5
9b3e62cb,6
9b534b0e,3
9bc04077,3
9bc8e0d8,3
9bd6bb77,3
9c00732a,1
9c2685cf,5
9ccb9af9,3
9ce496d1,3
9d13b229,5
9d168815,3
9d4de952,2
9dd1f1b1,1
9e537759,5
9e8bc6e4,6
9f20f4d2,4
9f48be11,5
9fb65002,6
9fb748dd,6
a04cb159,5
a0e8b556,5
a10b3a55,6
a189d655,5
a18d989c,5
a1c5df91,5
a1f70f6e,6
a20960ab,3
a246bc80,5
a2a9ad6a,2
a3585241,5
a35f8230,1
a37073c5,5
a3831170,6
a4907724,4
a4d353e1,5
a4f3d8d0,4
a530b6c0,4
a55e1d2a,2
a59d11ae,1
a5addb0f,5
a6147381,1
a624fd48,5
a662d081,2
a6c9ff1d,5
a747e597,6
a77ac867,5
a7a8c3f9,3
a7cba478,6
a8086a07,5
a81768e6,1
a82ab60a,1
a85761e0,5
a86af55f,5
a87869da,6
a878a310,1
a87bc004,5
a8a3e907,5
a9066157,3
a92f4eb1,1
a98a9ff6,5
a9d9db54,6
a9e74c82,1
aa45db1c,6
aa6cde4b,5
aa8070bb,4
aab4d972,4
ab512ac2,1
ab8942d1,5
ab92e57f,6
abbb7537,5
ac351f0e,6
ac78c695,4
acb60a00,3
ad41ff4b,1
ad95ae47,1
adf9079c,4
ae2eabac,4
ae758762,5
ae933dc7,3
aee3b98e,5
af466731,1
af64eac3,1
af7ca8ec,3
af7e1cc3,5
afad5b99,4
b04f099b,1
b057fb15,4
b06a0393,5
b0d22927,6
b0f3cf28,6
b1607ed7,1
b166cc00,4
b267252c,5
b2fffeb4,1
b319ddae,4
b3fe3ed5,5
b4663441,1
b47ac94f,5
b4c1be0d,5
b4d32c17,3
b5081815,5
b52476c4,1
b5b0bcb9,2
b5c87e6c,6
b6629622,6
b6ae8d65,1
b76d3619,3
b824f592,6
b83f0d63,1
b8504f35,5
b88dfb0e,3
b903d264,1
b96e4103,4
b9bc323b,1
b9e7cd63,3
ba048988,1
ba145f71,3
ba3ee001,5
baf02440,1
bb9a25c7,4
bbce0a42,5
bc7b17ce,1
bcb8cb76,1
bd7a07f2,3
be05609d,5
be92dcf6,6
bf4ca25f,5
bff60571,1
c01fa466,6
c0486962,6
c0cb74c9,6
c16b6657,6
c248b4af,4
c258cd97,1
c2ff25e3,5
c3409b2a,6
c3491ae8,6
c3cdf550,5
c4eebef7,5
c565236d,5
c57c4aa2,2
c5f1b3ce,2
c637c676,5
c68830f5,4
c6bfd3eb,5
c742708e,5
c790d45f,5
c83bbe0d,6
c88653ea,4
c887235e,5
c8f33090,6
c91110d2,5
c92b9686,5
c9744cfc,3
caacb332,6
cab45804,5
cb4d4638,5
cb576616,5
cb7fa35b,6
cc1e2932,4
cc42f67a,5
cc988482,1
cca8a6a5,4
ccc720ed,2
cd2bf64c,5
cd54bd6b,5
cd9de663,1
ce65949b,5
ce6b6d96,1
cf0adfaa,3
cfbb6d8b,5
cfd795b6,5
cfe939fc,5
d08d6f22,5
d11571c6,1
d1650fa7,6
d1a23764,5
d1e09191,3
d22f5c3f,5
d2a28982,5
d2fb3bbd,6
d309197c,6
d35ef5be,1
d3740be6,1
d399d66e,1
d464cbc5,5
d4f2a340,5
d4fab2c6,1
d51334a3,1
d5817da5,5
d58828dc,5
d5eb1db0,1
d649db4d,1
d7b527eb,5
d7eb75ce,5
d824de0a,5
d854a2da,3
d867ec55,1
d86a9c2e,5
d8ece7e6,5
d954e955,5
d98def3b,5
d9bbd7d0,1
d9bef3f9,5
d9bf8509,5
d9d98126,6
d9feffec,5
da1c325c,5
da4ccc0d,5
db458ee4,6
dc7ac827,1
dcbda3e1,3
dcf94b1a,6
dd2cffba,2
dd3b12cc,6
dd4a2cad,1
dd86f233,3
de1411cb,2
de314335,4
de64fa25,1
deabbe47,5
dedeb10a,1
df20e708,1
df4b5623,4
dfe095ef,6
e006ad4b,5
e04f1115,1
e075b91f,5
e095c095,5
e0d6eaa9,6
e146a671,5
e1507166,5
e19465a0,2
e20bed6c,5
e23fa74d,4
e2ada138,6
e2e14b3c,4
e3013bf1,6
e3b5ce27,1
e42f2310,5
e438e42f,2
e4aa3c04,5
e4bda679,1
e4e10966,1
e50678ec,5
e50b5d69,5
e5541b95,5
e55fee90,5
e5968d51,5
e59e35ee,1
e59ec3cd,6
e5d918d2,5
e6309204,6
e67e08c6,1
e6adf804,3
e7157a69,6
e753d046,1
e846d951,6
e88703f4,5
e930a8d8,3
e9543818,1
e9c0cfec,5
ea180692,1
ea7e6352,5
eaad475b,6
eb0c570e,5
eb20b39b,5
ebe1f2f3,5
ebe35d13,1
ec1ce9ae,3
ec253217,6
ec4d0ca7,1
ec7f10d1,6
eca2313b,1
ed4cd4af,4
ed741946,6
eda09c57,5
edcd31cf,3
ee16231f,1
ee930b93,1
ee9d5e30,5
eed0d6bb,4
eef4c280,5
ef52ef13,5
ef609cce,5
ef64985e,5
efc00f5e,6
f0048532,3
f0360d49,5
f0f0bada,6
f1329828,2
f1d09b6c,1
f1dc3952,6
f2222e48,3
f27f0c82,3
f2c1bcca,6
f2cc2fc9,6
f330da84,5
f399a031,4
f3eb3eb8,5
f40eb6dc,5
f411267f,6
f44ff056,3
f4e6af80,5
f5258f48,3
f553d6b3,5
f58a3825,4
f59d9a2b,3
f5ba8108,1
f5d49aa5,3
f66de6f7,4
f6924edb,6
f6cebfed,5
f6e53c66,5
f71ba3a1,3
f76bfed2,5
f7be9e75,5
f803ee3f,5
f87c1b8b,6
f8b619c4,4
f8e1ffaf,5
f9331c57,1
f93d6d92,2
f95ecbc3,5
f9642bc6,5
f9a4c05e,1
f9bf1496,5
f9d35dba,5
fa00dcae,1
fa40cf2a,5
fa422b7e,4
fa6aa962,5
fa96f5ab,1
faf63c55,5
fb1c7a62,4
fb50a7bb,3
fb563ac2,2
fb5a7cfa,5
fb63829c,5
fbf39fcf,1
fc0c34dd,4
fc6c96c8,5
fc957c81,5
fd161f3b,4
fd226479,1
fd4409ba,6
fd53a7e7,1
fd75eb3d,5
fe02c3e9,6
fe05ebd2,1
fe277d5e,1
fe7b191d,1
feb3ba66,2
ff3161b5,1
ffacb134,4
